objectid,filename,youtubeid,title,format,description,creator,recipient,date,date-is-approximate?,item_information,subject,location,latitude,longitude,related_publication,publisher-digital,source,findingaid,original-identifier,identifier,rights,rightsstatement,type,language,relation,object_location,display_template
psychiana001,,x6eu5wj8b04,"Psychiana, A Mail Order Religion Created in the Small Town of Moscow, Idaho",video/mpeg,"Short video describing Psychiana, a mail order religion that preached the New Thought Movement. In 1928, Dr. Frank B. Robinson created Psychiana in Moscow, Idaho.",Northwest Public Broadcasting,,2019-08-28,,youtube video,Religion; Frank B. Robinson,,,,,Northwest Public Broadcasting,Northwest Public Broadcasting,,,,"Educational use includes non-commercial use of text and images in materials for teaching and research purposes. Digital reproduction permissions granted by University of Idaho Library Special Collections and Archives Department. For other uses beyond free use, please contact University of Idaho Library Special Collections and Archives Department at libspec@uidaho.edu.",https://rightsstatements.org/vocab/InC-EDU/1.0/,Audio,eng,,,,
psychiana002,good_news_06.mp3,,Good News,audio/mp3,"Radio program corresponding with transcript of Radio Psychiana - Series for Dr. Frank B. Robinson No. 3. Episode begins proclaiming the growth of Pyschiana and then takes listeners to Robinson's home in Moscow, Idaho, describing its appearance. A dialogue begins between a 'guide' and Robinson about miracles, healing, the God-Law, the mail Robinson receives, and the 'Life Impulse' or 'motivating spirit' that allows people to think and live with God.",The Izzard Company,,1947,yes,radio program,God-Law; Life Spirit; Mircales; Healing; Sudent Letters; Testimonials,"Springfield, IL",39.770372,-89.639463,Good News,"University of Idaho Library Digital Initiatives, https://www.lib.uidaho.edu/digital/","MG 101, Frank Bruce Robinson. Papers, 1929-1951, University of Idaho Library Special Collections and Archives",https://archiveswest.orbiscascade.org/ark:/80444/xv97133/op=fstyle.aspx?t=k&q=psychiana,"MG-101, Box 5, Tapes",good_news_06,"Educational use includes non-commercial use of text and images in materials for teaching and research purposes. Digital reproduction permissions granted by University of Idaho Library Special Collections and Archives Department. For other uses beyond free use, please contact University of Idaho Library Special Collections and Archives Department at libspec@uidaho.edu.",https://rightsstatements.org/vocab/InC-EDU/1.0/,Sound,eng,https://archiveswest.orbiscascade.org/ark:/80444/xv97133/op=fstyle.aspx?t=k&q=psychiana,,,
psychiana005,mg101_b6_frank_robinson_negatives_009.jpg,,I Talked With God Advertisement,image/jpeg,"Photograph of Psychiana Advertisement pinned to a board, reads 'I TALKED WITH GOD...'",,,1935,yes,single-page; photographs,Advertising,"Spokane, WA",47.65557,-117.419063,,"University of Idaho Library Digital Initiatives, https://www.lib.uidaho.edu/digital/","MG 101, Frank Bruce Robinson. Papers, 1929-1951, University of Idaho Library Special Collections and Archives",https://archiveswest.orbiscascade.org/ark:/80444/xv97133/op=fstyle.aspx?t=k&q=psychiana,"MG-101, Box 6, Folder - 'Frank B. Robinson Negatives'",mg101_b6_frank_robinson_negatives_009,"Educational use includes non-commercial use of text and images in materials for teaching and research purposes. Digital reproduction permissions granted by University of Idaho Library Special Collections and Archives Department. For other uses beyond free use, please contact University of Idaho Library Special Collections and Archives Department at libspec@uidaho.edu.",https://rightsstatements.org/vocab/InC-EDU/1.0/,Image;StillImage,eng,https://archiveswest.orbiscascade.org/ark:/80444/xv97133/op=fstyle.aspx?t=k&q=psychiana,,,
psychiana006,mg101_b7_f26_107.pdf,,The Amazing Story of 'Psychiana',application/pdf,Small card advertising a brochure about Psychiana for only $1.00. Includes detachable order form.,"Psychiana, Inc.",,1935/1950,yes,single-page; offers,Psychiana Headquarters; Psychiana Staff; Costs,,,,,"University of Idaho Library Digital Initiatives, https://www.lib.uidaho.edu/digital/","MG 101, Frank Bruce Robinson. Papers, 1929-1951, University of Idaho Library Special Collections and Archives",https://archiveswest.orbiscascade.org/ark:/80444/xv97133/op=fstyle.aspx?t=k&q=psychiana,"MG-101, Box 7, Folder 26",mg101_b7_f26_107,"Educational use includes non-commercial use of text and images in materials for teaching and research purposes. Digital reproduction permissions granted University of Idaho Library Special Collections and Archives Department. For other uses beyond free use, please contact University of Idaho Library Special Collections and Archives Department at libspec@uidaho.edu.",https://rightsstatements.org/vocab/InC-EDU/1.0/,Text,eng,https://archiveswest.orbiscascade.org/ark:/80444/xv97133/op=fstyle.aspx?t=k&q=psychiana,,,
psychiana008,mg101_b6_photographs_26.jpg,,"Label of a photograph mailed from Frank B. Robinson to his son, Albert B. Robinson",image/jpeg,"Photograph of a brown paper label torn from a package used to mail a photograph from Frank B. Robinson to Alfred B. Robinson, including addresses and postage.",,,1948-01-20,,single-page; photographs,Mailings; Alfred B. Robinson,,,,,"University of Idaho Library Digital Initiatives, https://www.lib.uidaho.edu/digital/","MG 101, Frank Bruce Robinson. Papers, 1929-1951, University of Idaho Library Special Collections and Archives",https://archiveswest.orbiscascade.org/ark:/80444/xv97133/op=fstyle.aspx?t=k&q=psychiana,"MG-101, Box 6, Folder - 'Photographs'",mg101_b6_photographs_26,"Educational use includes non-commercial use of text and images in materials for teaching and research purposes. Digital reproduction permissions granted by University of Idaho Library Special Collections and Archives Department. For other uses beyond free use, please contact University of Idaho Library Special Collections and Archives Department at libspec@uidaho.edu.",https://rightsstatements.org/vocab/InC-EDU/1.0/,Image;StillImage,eng,https://archiveswest.orbiscascade.org/ark:/80444/xv97133/op=fstyle.aspx?t=k&q=psychiana,,,
psychiana009,mg101_b7_f13_013.pdf,,The Light Within,application/pdf,A flyer featuring an illustration of a lighthouse on the coast representing the light of God within the viewer.,,,1942,yes,single-page; flyers,"Spirit of God, God-Power; Truth; Illustrations",,,,,"University of Idaho Library Digital Initiatives, https://www.lib.uidaho.edu/digital/","MG 101, Frank Bruce Robinson. Papers, 1929-1951, University of Idaho Library Special Collections and Archives",https://archiveswest.orbiscascade.org/ark:/80444/xv97133/op=fstyle.aspx?t=k&q=psychiana,"MG-101, Box 7, Folder 13",mg101_b7_f13_013,"Educational use includes non-commercial use of text and images in materials for teaching and research purposes. Digital reproduction permissions granted University of Idaho Library Special Collections and Archives Department. For other uses beyond free use, please contact University of Idaho Library Special Collections and Archives Department at libspec@uidaho.edu.",https://rightsstatements.org/vocab/InC-EDU/1.0/,Text,eng,https://archiveswest.orbiscascade.org/ark:/80444/xv97133/op=fstyle.aspx?t=k&q=psychiana,,,
psychiana013,mg101_b6_f7_miscellanious_negatives_010.jpg,,Negative photograph of several copies of the June 1948 edition of the 'The Way: A Quarterly Publication of the Psychiana Religion.',image/jpeg,"Negative photograph of the covers of The Way that include rays of light moving to a point behind a picture of mountains, a mountain lake, and clouds.","Robinson, Frank B.",,1948,yes,single-page; negatives,Robinson's Writings; Psychiana Journal,,,,The Way Magazine,"University of Idaho Library Digital Initiatives, https://www.lib.uidaho.edu/digital/","MG 101, Frank Bruce Robinson. Papers, 1929-1951, University of Idaho Library Special Collections and Archives",https://archiveswest.orbiscascade.org/ark:/80444/xv97133/op=fstyle.aspx?t=k&q=psychiana,"MG-101, Box 6, Folder - 'Miscellaneous Negatives'",mg101_b6_f7_miscellanious_negatives_010,"Educational use includes non-commercial use of text and images in materials for teaching and research purposes. Digital reproduction permissions granted by University of Idaho Library Special Collections and Archives Department. For other uses beyond free use, please contact University of Idaho Library Special Collections and Archives Department at libspec@uidaho.edu.",https://rightsstatements.org/vocab/InC-EDU/1.0/,Image;StillImage,eng,https://archiveswest.orbiscascade.org/ark:/80444/xv97133/op=fstyle.aspx?t=k&q=psychiana,,,
psychiana014,mg101_b7_f13_034.pdf,,Now --- It's War!,application/pdf,A flyer discussing the Japanese attack on Pearl Harbor in 1941.,"Robinson, Frank B.",,1941-12-07,,single-page; flyers,"Moscow, Idaho; World War;","New York, NY",40.713569,-74.023587,,"University of Idaho Library Digital Initiatives, https://www.lib.uidaho.edu/digital/","MG 101, Frank Bruce Robinson. Papers, 1929-1951, University of Idaho Library Special Collections and Archives",https://archiveswest.orbiscascade.org/ark:/80444/xv97133/op=fstyle.aspx?t=k&q=psychiana,"MG-101, Box 7, Folder 13",mg101_b7_f13_034,"Educational use includes non-commercial use of text and images in materials for teaching and research purposes. Digital reproduction permissions granted by University of Idaho Library Special Collections and Archives Department. For other uses beyond free use, please contact University of Idaho Library Special Collections and Archives Department at libspec@uidaho.edu.",https://rightsstatements.org/vocab/InC-EDU/1.0/,Text,eng,https://archiveswest.orbiscascade.org/ark:/80444/xv97133/op=fstyle.aspx?t=k&q=psychiana,,,
psychiana016,mg101_b7_f23_023.pdf,,To 'Psychiana' Members who Have Allowed Their Commitments to Become Delinquent [02],application/pdf,A form letter from Frank B. Robinson asks members to meet their monetary commitment for the movement.,"Robinson, Frank B.",My dear friend and fellow-student,1934,yes,single-page; form letters,Commitment; Delinquent; Students; Lessons,,,,,"University of Idaho Library Digital Initiatives, https://www.lib.uidaho.edu/digital/","MG 101, Frank Bruce Robinson. Papers, 1929-1951, University of Idaho Library Special Collections and Archives",https://archiveswest.orbiscascade.org/ark:/80444/xv97133/op=fstyle.aspx?t=k&q=psychiana,"MG-101, Box 7, Folder 23",mg101_b7_f23_023,"Educational use includes non-commercial use of text and images in materials for teaching and research purposes. Digital reproduction permissions granted University of Idaho Library Special Collections and Archives Department. For other uses beyond free use, please contact University of Idaho Library Special Collections and Archives Department at libspec@uidaho.edu.",https://rightsstatements.org/vocab/InC-EDU/1.0/,Text,eng,https://archiveswest.orbiscascade.org/ark:/80444/xv97133/op=fstyle.aspx?t=k&q=psychiana,,,
psychiana039,mg101_b6_photographs_04.jpg,,Portrait of Frank B. Robinson [01],image/jpeg,Portrait of middle-aged Frank B. Robinson dressed in a three piece pin-striped suit and tie.,,,1935,yes,single-page; photographs,Portraits; Middle-Aged Frank B. Robinson,,,,,"University of Idaho Library Digital Initiatives, https://www.lib.uidaho.edu/digital/","MG 101, Frank Bruce Robinson. Papers, 1929-1951, University of Idaho Library Special Collections and Archives",https://archiveswest.orbiscascade.org/ark:/80444/xv97133/op=fstyle.aspx?t=k&q=psychiana,"MG-101, Box 6, Folder - 'Photographs'",mg101_b6_photographs_04,"Educational use includes non-commercial use of text and images in materials for teaching and research purposes. Digital reproduction permissions granted by University of Idaho Library Special Collections and Archives Department. For other uses beyond free use, please contact University of Idaho Library Special Collections and Archives Department at libspec@uidaho.edu.",https://rightsstatements.org/vocab/InC-EDU/1.0/,Image;StillImage,eng,https://archiveswest.orbiscascade.org/ark:/80444/xv97133/op=fstyle.aspx?t=k&q=psychiana,,,
psychiana040,mg101_b6_photographs_05.jpg,,Portrait of Frank B. Robinson [02],image/jpeg,"Portrait of middle-aged Frank B. Robinson wearing a suit, tie, vest, and black pork pie hat.",,,1935,yes,single-page; photographs,Portraits; Middle-Aged Frank B. Robinson,,,,,"University of Idaho Library Digital Initiatives, https://www.lib.uidaho.edu/digital/","MG 101, Frank Bruce Robinson. Papers, 1929-1951, University of Idaho Library Special Collections and Archives",https://archiveswest.orbiscascade.org/ark:/80444/xv97133/op=fstyle.aspx?t=k&q=psychiana,"MG-101, Box 6, Folder - 'Photographs'",mg101_b6_photographs_05,"Educational use includes non-commercial use of text and images in materials for teaching and research purposes. Digital reproduction permissions granted by University of Idaho Library Special Collections and Archives Department. For other uses beyond free use, please contact University of Idaho Library Special Collections and Archives Department at libspec@uidaho.edu.",https://rightsstatements.org/vocab/InC-EDU/1.0/,Image;StillImage,eng,https://archiveswest.orbiscascade.org/ark:/80444/xv97133/op=fstyle.aspx?t=k&q=psychiana,,,
psychiana041,mg101_b6_photographs_08.jpg,,Portrait of Frank B. Robinson [03],image/jpeg,Portrait of middle-aged Frank B. Robinson wearing a three piece suit with pocket watch and sitting in an ornate chair with animals carved into the handles.,,,1935,yes,single-page; photographs,Portraits; Middle-Aged Frank B. Robinson,,,,,"University of Idaho Library Digital Initiatives, https://www.lib.uidaho.edu/digital/","MG 101, Frank Bruce Robinson. Papers, 1929-1951, University of Idaho Library Special Collections and Archives",https://archiveswest.orbiscascade.org/ark:/80444/xv97133/op=fstyle.aspx?t=k&q=psychiana,"MG-101, Box 6, Folder - 'Photographs'",mg101_b6_photographs_08,"Educational use includes non-commercial use of text and images in materials for teaching and research purposes. Digital reproduction permissions granted by University of Idaho Library Special Collections and Archives Department. For other uses beyond free use, please contact University of Idaho Library Special Collections and Archives Department at libspec@uidaho.edu.",https://rightsstatements.org/vocab/InC-EDU/1.0/,Image;StillImage,eng,https://archiveswest.orbiscascade.org/ark:/80444/xv97133/op=fstyle.aspx?t=k&q=psychiana,,,
psychiana042,mg101_b7_f23_040.pdf,,Sales - Agents Application Blank,application/pdf,Fill out and sign enclosed 'Sales Agents Application Blank'. Notice to inform students about becoming sale agents for Psychiana and receiving a 33 1/3% commission.,,Students,1936,yes,multiple-page; application forms,Application; Commission; Teaching; Sales Agent; Spreading Psychiana,,,,,"University of Idaho Library Digital Initiatives, https://www.lib.uidaho.edu/digital/","MG 101, Frank Bruce Robinson. Papers, 1929-1951, University of Idaho Library Special Collections and Archives",https://archiveswest.orbiscascade.org/ark:/80444/xv97133/op=fstyle.aspx?t=k&q=psychiana,"MG-101, Box 7, Folder 23",mg101_b7_f23_040,"Educational use includes non-commercial use of text and images in materials for teaching and research purposes. Digital reproduction permissions granted by University of Idaho Library Special Collections and Archives Department. For other uses beyond free use, please contact University of Idaho Library Special Collections and Archives Department at libspec@uidaho.edu.",https://rightsstatements.org/vocab/InC-EDU/1.0/,Text,eng,https://archiveswest.orbiscascade.org/ark:/80444/xv97133/op=fstyle.aspx?t=k&q=psychiana,,,
psychiana043,mg101_b7_f23_041.pdf,,Order Blank,application/pdf,"Order form blank for Psychiana written materials with retail, cost, and profit columns.",,Sales Agents,1936,yes,single-page; order forms,Order Blank; Prices; Psychiana Publications,"New York, NY",40.713569,-74.023587,,"University of Idaho Library Digital Initiatives, https://www.lib.uidaho.edu/digital/","MG 101, Frank Bruce Robinson. Papers, 1929-1951, University of Idaho Library Special Collections and Archives",https://archiveswest.orbiscascade.org/ark:/80444/xv97133/op=fstyle.aspx?t=k&q=psychiana,"MG-101, Box 7, Folder 23",mg101_b7_f23_041,"Educational use includes non-commercial use of text and images in materials for teaching and research purposes. Digital reproduction permissions granted by University of Idaho Library Special Collections and Archives Department. For other uses beyond free use, please contact University of Idaho Library Special Collections and Archives Department at libspec@uidaho.edu.",https://rightsstatements.org/vocab/InC-EDU/1.0/,Text,eng,https://archiveswest.orbiscascade.org/ark:/80444/xv97133/op=fstyle.aspx?t=k&q=psychiana,,,
psychiana044,mg101_b7_f23_042.pdf,,Daily Procedure For Every 'Psychiana' Student,application/pdf,Frank B. Robinson gives his students five procedures to do daily in addition to the exercises to do the lessons.,"Robinson, Frank B.",Students,1935,yes,single-page; instructions,Students Exercises; Psychiana Affirmations,,,,,"University of Idaho Library Digital Initiatives, https://www.lib.uidaho.edu/digital/","MG 101, Frank Bruce Robinson. Papers, 1929-1951, University of Idaho Library Special Collections and Archives",https://archiveswest.orbiscascade.org/ark:/80444/xv97133/op=fstyle.aspx?t=k&q=psychiana,"MG-101, Box 7, Folder 23",mg101_b7_f23_042,"Educational use includes non-commercial use of text and images in materials for teaching and research purposes. Digital reproduction permissions granted by University of Idaho Library Special Collections and Archives Department. For other uses beyond free use, please contact University of Idaho Library Special Collections and Archives Department at libspec@uidaho.edu.",https://rightsstatements.org/vocab/InC-EDU/1.0/,Text,eng,https://archiveswest.orbiscascade.org/ark:/80444/xv97133/op=fstyle.aspx?t=k&q=psychiana,,,
psychiana045,mg101_b7_f23_043.pdf,,"Dr. Frank B. Robinson Speaking to Packed house in the TRINITY AUGITORIUM Los Angeles, California, January 27th 1935",application/pdf,A flyer announcing a Frank B. Robinson speaking engagement at Trinity Auditorium.,,,1935-01-27,,multiple-page; flyers,Successful; Material Abundance; Spiritual Abundance Reason; Law; Los Angeles,"Los Angeles, CA",34.054709,-118.261773,,"University of Idaho Library Digital Initiatives, https://www.lib.uidaho.edu/digital/","MG 101, Frank Bruce Robinson. Papers, 1929-1951, University of Idaho Library Special Collections and Archives",https://archiveswest.orbiscascade.org/ark:/80444/xv97133/op=fstyle.aspx?t=k&q=psychiana,"MG-101, Box 7, Folder 23",mg101_b7_f23_043,"Educational use includes non-commercial use of text and images in materials for teaching and research purposes. Digital reproduction permissions granted by University of Idaho Library Special Collections and Archives Department. For other uses beyond free use, please contact University of Idaho Library Special Collections and Archives Department at libspec@uidaho.edu.",https://rightsstatements.org/vocab/InC-EDU/1.0/,Text,eng,https://archiveswest.orbiscascade.org/ark:/80444/xv97133/op=fstyle.aspx?t=k&q=psychiana,,,
psychiana046,mg101_b7_f23_044.pdf,,The New Psychiana,application/pdf,Flyer announcing Frank B. Robinson's new Lessons.,,new members,1945,yes,multiple-page; flyers,Doomed; Atomic War; Hiroshima; Civilizations; World War,,,,,"University of Idaho Library Digital Initiatives, https://www.lib.uidaho.edu/digital/","MG 101, Frank Bruce Robinson. Papers, 1929-1951, University of Idaho Library Special Collections and Archives",https://archiveswest.orbiscascade.org/ark:/80444/xv97133/op=fstyle.aspx?t=k&q=psychiana,"MG-101, Box 7, Folder 23",mg101_b7_f23_044,"Educational use includes non-commercial use of text and images in materials for teaching and research purposes. Digital reproduction permissions granted University of Idaho Library Special Collections and Archives Department. For other uses beyond free use, please contact University of Idaho Library Special Collections and Archives Department at libspec@uidaho.edu.",https://rightsstatements.org/vocab/InC-EDU/1.0/,Text,eng,https://archiveswest.orbiscascade.org/ark:/80444/xv97133/op=fstyle.aspx?t=k&q=psychiana,,,
psychiana047,mg101_b6_photographs_03.jpg,,Several portrait photographs of a younger Frank B. Robinson,image/jpeg,"Three portrait photographs of a young Frank B. Robinson, two of which have been cut out, wearing the same suit but posing differently in each photograph. 'Age 16' written in pencil in white space.",,,1902,yes,single-page; photographs,Portraits; Young Frank B. Robinson,,,,,"University of Idaho Library Digital Initiatives, https://www.lib.uidaho.edu/digital/","MG 101, Frank Bruce Robinson. Papers, 1929-1951, University of Idaho Library Special Collections and Archives",https://archiveswest.orbiscascade.org/ark:/80444/xv97133/op=fstyle.aspx?t=k&q=psychiana,"MG-101, Box 6, Folder - 'Photographs'",mg101_b6_photographs_03,"Educational use includes non-commercial use of text and images in materials for teaching and research purposes. Digital reproduction permissions granted by University of Idaho Library Special Collections and Archives Department. For other uses beyond free use, please contact University of Idaho Library Special Collections and Archives Department at libspec@uidaho.edu.",https://rightsstatements.org/vocab/InC-EDU/1.0/,Image;StillImage,eng,https://archiveswest.orbiscascade.org/ark:/80444/xv97133/op=fstyle.aspx?t=k&q=psychiana,,,
psychiana063,mg101_b7_f31_023.pdf,,Marilyn Allen's Challenge,application/pdf,Advertisement depicts a man in a suit holding bags of money and a challenge to those that that think God and Right can bring Hitler to his knees. Also includes a letter about Psychiana's need for money in a campaign called ''Blitzkrieg' for God.' Includes a 'Blitzkrieg Campaign' button pin with an illustration of Hitler.,"Allen, Marilyn R.",,1942,yes,multiple-page; advertisements,Donations; Blitzkrieg; Hitler; Success; World War; Illustrations,,,,,"University of Idaho Library Digital Initiatives, https://www.lib.uidaho.edu/digital/","MG 101, Frank Bruce Robinson. Papers, 1929-1951, University of Idaho Library Special Collections and Archives",https://archiveswest.orbiscascade.org/ark:/80444/xv97133/op=fstyle.aspx?t=k&q=psychiana,"MG-101, Box 7, Folder 31",mg101_b7_f31_023,"Educational use includes non-commercial use of text and images in materials for teaching and research purposes. Digital reproduction permissions granted by University of Idaho Library Special Collections and Archives Department. For other uses beyond free use, please contact University of Idaho Library Special Collections and Archives Department at libspec@uidaho.edu.",https://rightsstatements.org/vocab/InC-EDU/1.0/,Text,eng,https://archiveswest.orbiscascade.org/ark:/80444/xv97133/op=fstyle.aspx?t=k&q=psychiana,,,
psychiana064,mg101_b7_f31_026.pdf,,It Took the Manifestation of Adolf Hitler,application/pdf,Flyer that claims the appearance of Hitler and Nazi Germany will lead to the revelation of Psychiana to all peoples of the world.,,,1942,yes,single-page; flyers,Hitler; Spirit of God; Prayer; Speak Into Existence; Psychiana Affirmations,,,,,"University of Idaho Library Digital Initiatives, https://www.lib.uidaho.edu/digital/","MG 101, Frank Bruce Robinson. Papers, 1929-1951, University of Idaho Library Special Collections and Archives",https://archiveswest.orbiscascade.org/ark:/80444/xv97133/op=fstyle.aspx?t=k&q=psychiana,"MG-101, Box 7, Folder 31",mg101_b7_f31_026,"Educational use includes non-commercial use of text and images in materials for teaching and research purposes. Digital reproduction permissions granted by University of Idaho Library Special Collections and Archives Department. For other uses beyond free use, please contact University of Idaho Library Special Collections and Archives Department at libspec@uidaho.edu.",https://rightsstatements.org/vocab/InC-EDU/1.0/,Text,eng,https://archiveswest.orbiscascade.org/ark:/80444/xv97133/op=fstyle.aspx?t=k&q=psychiana,,,
psychiana065,https://www.lib.uidaho.edu/collectionbuilder/demo-objects/mg101_b7_f32_003.pdf,,Coming to Portland,application/pdf,"Alternative flyer advertising speeches by Robinson at the Psychiana National Convention in Portland, OR. Includes a portion of text describing the event, including speech, meet-and-greet, etc.",,,1934-11-29,,single-page; flyers,Portland; God-Realm; God-Law,"Portland, OR",45.57872,-122.71349,,University of Idaho Library Digital Initiatives - https://www.lib.uidaho.edu/digital/,"MG 101, Frank Bruce Robinson. Papers, 1929-1951, University of Idaho Library Special Collections and Archives",https://archiveswest.orbiscascade.org/ark:/80444/xv97133/op=fstyle.aspx?t=k&q=psychiana,"MG-101, Box 7, Folder 32",mg101_b7_f32_003,"Educational use includes non-commercial use of text and images in materials for teaching and research purposes. Digital reproduction permissions granted by University of Idaho Library Special Collections and Archives Department. For other uses beyond free use, please contact University of Idaho Library Special Collections and Archives Department at libspec@uidaho.edu.",https://rightsstatements.org/vocab/InC-EDU/1.0/,Text,eng,https://archiveswest.orbiscascade.org/ark:/80444/xv97133/op=fstyle.aspx?t=k&q=psychiana,,,
psychiana066,https://www.lib.uidaho.edu/collectionbuilder/demo-objects/mg101_b6_psychiana_photographs_012.jpg,,William Walter DeBolt at his Desk,image/jpeg,"Photograph of W.W. DeBolt sitting at his desk beside a Dictaphone and typewriter with several stacks of paper and a hardback book with Frank B. Robinson's face on the cover. [Later illustrations of this man on Psychiana documents may indicate this is actually C.W. Tenney, and was mislabeled.]",,,1938,yes,single-page; photographs,Psychiana Headquarters; Psychiana Staff; W.W. DeBolt,,,,,"University of Idaho Library Digital Initiatives, https://www.lib.uidaho.edu/digital/","MG 101, Frank Bruce Robinson. Papers, 1929-1951, University of Idaho Library Special Collections and Archives",https://archiveswest.orbiscascade.org/ark:/80444/xv97133/op=fstyle.aspx?t=k&q=psychiana,"MG-101, Box 6, Folder - 'Psychiana Photographs'",mg101_b6_psychiana_photographs_012,"Educational use includes non-commercial use of text and images in materials for teaching and research purposes. Digital reproduction permissions granted University of Idaho Library Special Collections and Archives Department. For other uses beyond free use, please contact University of Idaho Library Special Collections and Archives Department at libspec@uidaho.edu.",https://rightsstatements.org/vocab/InC-EDU/1.0/,Image;StillImage,eng,https://archiveswest.orbiscascade.org/ark:/80444/xv97133/op=fstyle.aspx?t=k&q=psychiana,,,
psychiana067,https://www.lib.uidaho.edu/collectionbuilder/demo-objects/mg101_b7_f32_006.pdf,,Dr. Frank B. Robinson Speaking to Packed House,application/pdf,Flyer with large photograph of Robinson giving a speech to a full auditorium. Text follows regarding Robinson 'usually' filling the 'largest auditoriums whenever he speaks' and his waxing popularity.,,,1934-05-01,,single-page; flyers,Spokane; Auditorium,"Los Angeles, CA",34.054709,-118.261773,,University of Idaho Library Digital Initiatives - https://www.lib.uidaho.edu/digital/,"MG 101, Frank Bruce Robinson. Papers, 1929-1951, University of Idaho Library Special Collections and Archives",https://archiveswest.orbiscascade.org/ark:/80444/xv97133/op=fstyle.aspx?t=k&q=psychiana,"MG-101, Box 7, Folder 32",mg101_b7_f32_006,"Educational use includes non-commercial use of text and images in materials for teaching and research purposes. Digital reproduction permissions granted by University of Idaho Library Special Collections and Archives Department. For other uses beyond free use, please contact University of Idaho Library Special Collections and Archives Department at libspec@uidaho.edu.",https://rightsstatements.org/vocab/InC-EDU/1.0/,Text,eng,https://archiveswest.orbiscascade.org/ark:/80444/xv97133/op=fstyle.aspx?t=k&q=psychiana,,
gallery001,,,"Blackwell Gallery",application/ld+json,"Gallery of images displayed via IIIF manifest in Universal Viewer.",,,2025-05-23,,Gallery viewer for selected Caltech student life images,,,,,,,,,,,"Educational use includes non-commercial use of text and images in materials for teaching and research purposes. Caltech Archives and Special Collections",,Image,eng,,"https://camp5456.github.io/test-exhibit-builder/objects/iiif/gallery-manifest.json",iiif